task_index,assistant_response
0,"```python
    for i in range(len(numbers)):
        for j in range(i + 1, len(numbers)):
            if abs(numbers[i] - numbers[j]) < threshold:
                return True
    return False
```"
1,"```python
def separate_paren_groups(paren_string: str) -> List[str]:
    paren_string = paren_string.replace(' ', '')
    result = []
    balance = 0
    current_group = []

    for char in paren_string:
        if char == '(':
            if balance == 0 and current_group:
                result.append(''.join(current_group))
                current_group = []
            current_group.append(char)
            balance += 1
        elif char == ')':
            current_group.append(char)
            balance -= 1
            if balance == 0:
                result.append(''.join(current_group))
                current_group = []

    return result
```"
2,"```python
def truncate_number(number: float) -> float:
    return number - int(number)
```"
3,"```python
def below_zero(operations: List[int]) -> bool:
    balance = 0
    for operation in operations:
        balance += operation
        if balance < 0:
            return True
    return False
```"
4,"```python
    if not numbers:
        return 0.0

    mean = sum(numbers) / len(numbers)
    mad = sum(abs(x - mean) for x in numbers) / len(numbers)
    return mad
```"
5,"```python
    if not numbers:
        return []
    
    result = []
    for i in range(len(numbers) - 1):
        result.append(numbers[i])
        result.append(delimeter)
    result.append(numbers[-1])
    
    return result
```"
6,"```python
def parse_nested_parens(paren_string: str) -> List[int]:
    def max_depth(s: str) -> int:
        depth = 0
        max_depth = 0
        for char in s:
            if char == '(':
                depth += 1
                max_depth = max(max_depth, depth)
            elif char == ')':
                depth -= 1
        return max_depth

    groups = paren_string.split()
    return [max_depth(group) for group in groups]
```"
7,"```python
    return [s for s in strings if substring in s]
```"
8,"```python
    if not numbers:
        return (0, 1)
    
    total_sum = sum(numbers)
    total_product = 1
    for num in numbers:
        total_product *= num
    
    return (total_sum, total_product)
```"
9,"```python
    rolling_max = []
    current_max = float('-inf')
    
    for number in numbers:
        current_max = max(current_max, number)
        rolling_max.append(current_max)
    
    return rolling_max
```"
10,"```python
def make_palindrome(string: str) -> str:
    """""" Find the shortest palindrome that begins with a supplied string. """"""
    for i in range(len(string), -1, -1):
        if is_palindrome(string[i:]):
            return string + string[:i][::-1]
    return string
```"
11,"```python
def string_xor(a: str, b: str) -> str:
    return ''.join('1' if x != y else '0' for x, y in zip(a, b))
```"
12,"```python
    if not strings:
        return None
    longest_string = strings[0]
    for string in strings:
        if len(string) > len(longest_string):
            longest_string = string
    return longest_string
```"
13,"```python
    while b:
        a, b = b, a % b
    return a
```"
14,"```python
def all_prefixes(string: str) -> List[str]:
    return [string[:i] for i in range(1, len(string) + 1)]
```"
15,"```python
def string_sequence(n: int) -> str:
    return ' '.join(str(i) for i in range(n + 1))
```"
16,"```python
def count_distinct_characters(string: str) -> int:
    return len(set(string.lower()))
```"
17,"```python
def parse_music(music_string: str) -> List[int]:
    note_mapping = {
        'o': 4,
        'o|': 2,
        '.|': 1
    }
    
    notes = music_string.split()
    return [note_mapping[note] for note in notes]
```"
18,"```python
def how_many_times(string: str, substring: str) -> int:
    count = 0
    start = 0
    while True:
        start = string.find(substring, start)
        if start == -1:
            break
        count += 1
        start += 1  # Move one character forward to count overlapping
    return count
```"
19,"```python
def sort_numbers(numbers: str) -> str:
    num_words = {
        'zero': 0, 'one': 1, 'two': 2, 'three': 3,
        'four': 4, 'five': 5, 'six': 6, 'seven': 7,
        'eight': 8, 'nine': 9
    }
    
    # Split the input string into words
    words = numbers.split()
    
    # Sort the words based on their corresponding numeric values
    sorted_words = sorted(words, key=lambda word: num_words[word])
    
    # Join the sorted words into a single string and return
    return ' '.join(sorted_words)
```"
20,"```python
def find_closest_elements(numbers: List[float]) -> Tuple[float, float]:
    numbers.sort()
    closest_pair = (numbers[0], numbers[1])
    min_diff = abs(numbers[1] - numbers[0])
    
    for i in range(1, len(numbers) - 1):
        diff = abs(numbers[i + 1] - numbers[i])
        if diff < min_diff:
            min_diff = diff
            closest_pair = (numbers[i], numbers[i + 1])
    
    return closest_pair
```"
21,"```python
    min_val = min(numbers)
    max_val = max(numbers)
    return [(num - min_val) / (max_val - min_val) for num in numbers]
```"
22,"```python
def filter_integers(values: List[Any]) -> List[int]:
    return [value for value in values if isinstance(value, int)]
```"
23,"```python
def strlen(string: str) -> int:
    return len(string)
```"
24,"```python
def largest_divisor(n: int) -> int:
    for i in range(n // 2, 0, -1):
        if n % i == 0:
            return i
```"
25,"```python
def factorize(n: int) -> List[int]:
    factors = []
    divisor = 2
    while n > 1:
        while n % divisor == 0:
            factors.append(divisor)
            n //= divisor
        divisor += 1
    return factors
```"
26,"```python
def remove_duplicates(numbers: List[int]) -> List[int]:
    count = {}
    for number in numbers:
        count[number] = count.get(number, 0) + 1
    return [number for number in numbers if count[number] == 1]
```"
27,"```python
def flip_case(string: str) -> str:
    """""" For a given string, flip lowercase characters to uppercase and uppercase to lowercase.
    >>> flip_case('Hello')
    'hELLO'
    """"""
    return string.swapcase()
```"
28,"```python
    return ''.join(strings)
```"
29,"```python
    return [s for s in strings if s.startswith(prefix)]
```"
30,"```python
def get_positive(l: list):
    return [x for x in l if x > 0]
```"
31,"```python
def is_prime(n):
    """"""Return true if a given number is prime, and false otherwise.""""""
    if n <= 1:
        return False
    for i in range(2, int(n**0.5) + 1):
        if n % i == 0:
            return False
    return True
```"
32,"```python
import math
from scipy.optimize import fsolve

def poly(xs: list, x: float):
    """"""
    Evaluates polynomial with coefficients xs at point x.
    return xs[0] + xs[1] * x + xs[1] * x^2 + .... xs[n] * x^n
    """"""
    return sum([coeff * math.pow(x, i) for i, coeff in enumerate(xs)])

def find_zero(xs: list):
    """""" xs are coefficients of a polynomial.
    find_zero find x such that poly(x) = 0.
    find_zero returns only only zero point, even if there are many.
    Moreover, find_zero only takes list xs having even number of coefficients
    and largest non zero coefficient as it guarantees
    a solution.
    >>> round(find_zero([1, 2]), 2) # f(x) = 1 + 2x
    -0.5
    >>> round(find_zero([-6, 11, -6, 1]), 2) # (x - 1) * (x - 2) * (x - 3) = -6 + 11x - 6x^2 + x^3
    1.0
    """"""
    if len(xs) % 2 != 0:
        raise ValueError(""The list of coefficients must have an even number of elements."")
    
    # Use fsolve to find the root of the polynomial
    root = fsolve(poly, 0, args=(xs,))
    return root[0]
```"
33,"```python
def sort_third(l: list):
    sorted_third = sorted(l[i] for i in range(len(l)) if i % 3 == 0)
    result = l[:]
    j = 0
    for i in range(len(l)):
        if i % 3 == 0:
            result[i] = sorted_third[j]
            j += 1
    return result
```"
34,"```python
def unique(l: list):
    return sorted(set(l))
```"
35,"```python
    return max(l)
```"
36,"```python
def fizz_buzz(n: int):
    count = 0
    for i in range(n):
        if (i % 11 == 0 or i % 13 == 0) and '7' in str(i):
            count += str(i).count('7')
    return count
```"
37,"```python
def sort_even(l: list):
    even_indices = sorted(l[i] for i in range(len(l)) if i % 2 == 0)
    result = l[:]
    even_index = 0
    for i in range(len(result)):
        if i % 2 == 0:
            result[i] = even_indices[even_index]
            even_index += 1
    return result
```"
38,"```python
def decode_cyclic(s: str):
    """"""
    takes as input string encoded with encode_cyclic function. Returns decoded string.
    """"""
    # split string to groups. Each of length 3.
    groups = [s[(3 * i):min((3 * i + 3), len(s))] for i in range((len(s) + 2) // 3)]
    # reverse the cycling of elements in each group. Unless group has fewer elements than 3.
    groups = [(group[-1] + group[:-1]) if len(group) == 3 else group for group in groups]
    return """".join(groups)
```"
39,"```python
def is_prime(num):
    if num <= 1:
        return False
    for i in range(2, int(num**0.5) + 1):
        if num % i == 0:
            return False
    return True

def fibonacci(n):
    a, b = 0, 1
    for _ in range(n):
        a, b = b, a + b
    return a

def prime_fib(n: int):
    count = 0
    i = 0
    while count < n:
        fib_number = fibonacci(i)
        if is_prime(fib_number):
            count += 1
            if count == n:
                return fib_number
        i += 1
```"
40,"```python
def triples_sum_to_zero(l: list):
    n = len(l)
    for i in range(n):
        s = set()
        for j in range(i + 1, n):
            target = -(l[i] + l[j])
            if target in s:
                return True
            s.add(l[j])
    return False
```"
41,"```python
def car_race_collision(n: int) -> int:
    return n * n
```"
42,"```python
def incr_list(l: list):
    return [x + 1 for x in l]
```"
43,"```python
def pairs_sum_to_zero(l):
    seen = set()
    for num in l:
        if -num in seen:
            return True
        seen.add(num)
    return False
```"
44,"```python
def change_base(x: int, base: int) -> str:
    if x == 0:
        return '0'
    digits = []
    while x > 0:
        digits.append(str(x % base))
        x //= base
    return ''.join(digits[::-1])
```"
45,"```python
def triangle_area(a, h):
    """"""Given length of a side and height, return area for a triangle.
    >>> triangle_area(5, 3)
    7.5
    """"""
    return 0.5 * a * h
```"
46,"```python
def fib4(n: int) -> int:
    if n == 0:
        return 0
    elif n == 1:
        return 0
    elif n == 2:
        return 2
    elif n == 3:
        return 0
    
    fib = [0] * (n + 1)
    fib[0], fib[1], fib[2], fib[3] = 0, 0, 2, 0
    
    for i in range(4, n + 1):
        fib[i] = fib[i - 1] + fib[i - 2] + fib[i - 3] + fib[i - 4]
    
    return fib[n]
```"
47,"```python
def median(l: list):
    l.sort()
    n = len(l)
    mid = n // 2
    if n % 2 == 0:
        return (l[mid - 1] + l[mid]) / 2
    else:
        return l[mid]
```"
48,"```python
def is_palindrome(text: str):
    return text == text[::-1]
```"
49,"```python
def modp(n: int, p: int):
    return pow(2, n, p)
```"
50,"```python
def decode_shift(s: str):
    """"""
    takes as input string encoded with encode_shift function. Returns decoded string.
    """"""
    return """".join([chr(((ord(ch) - 5 - ord(""a"")) % 26) + ord(""a"")) for ch in s])
```"
51,"```python
def remove_vowels(text):
    vowels = 'aeiouAEIOU'
    return ''.join(char for char in text if char not in vowels)
```"
52,"```python
def below_threshold(l: list, t: int) -> bool:
    return all(x < t for x in l)
```"
53,"```python
def add(x: int, y: int) -> int:
    """"""Add two numbers x and y
    >>> add(2, 3)
    5
    >>> add(5, 7)
    12
    """"""
    return x + y
```"
54,"```python
def same_chars(s0: str, s1: str):
    return set(s0) == set(s1)
```"
55,"```python
def fib(n: int):
    """"""Return n-th Fibonacci number.""""""
    if n <= 0:
        return 0
    elif n == 1:
        return 1
    else:
        a, b = 0, 1
        for _ in range(2, n + 1):
            a, b = b, a + b
        return b
```"
56,"```python
def correct_bracketing(brackets: str) -> bool:
    balance = 0
    for char in brackets:
        if char == '<':
            balance += 1
        elif char == '>':
            balance -= 1
        if balance < 0:
            return False
    return balance == 0
```"
57,"```python
def monotonic(l: list):
    """"""Return True if list elements are monotonically increasing or decreasing.""""""
    if all(l[i] <= l[i + 1] for i in range(len(l) - 1)) or all(l[i] >= l[i + 1] for i in range(len(l) - 1)):
        return True
    return False
```"
58,"```python
def common(l1: list, l2: list):
    return sorted(set(l1) & set(l2))
```"
59,"```python
def largest_prime_factor(n: int):
    factor = 2
    while n > 1:
        if n % factor == 0:
            n //= factor
        else:
            factor += 1
    return factor
```"
60,"```python
def sum_to_n(n: int):
    return n * (n + 1) // 2
```"
61,"```python
def correct_bracketing(brackets: str) -> bool:
    balance = 0
    for char in brackets:
        if char == '(':
            balance += 1
        elif char == ')':
            balance -= 1
        if balance < 0:
            return False
    return balance == 0
```"
62,"```python
def derivative(xs: list):
    return [i * coeff for i, coeff in enumerate(xs) if i > 0]
```"
63,"```python
def fibfib(n: int) -> int:
    if n == 0 or n == 1:
        return 0
    elif n == 2:
        return 1
    
    fibfib_numbers = [0, 0, 1] + [0] * (n - 2)
    for i in range(3, n + 1):
        fibfib_numbers[i] = fibfib_numbers[i - 1] + fibfib_numbers[i - 2] + fibfib_numbers[i - 3]
    
    return fibfib_numbers[n]
```"
64,"```python
def vowels_count(s):
    vowels = 'aeiou'
    count = 0
    s = s.lower()  # Convert to lowercase for case-insensitivity
    
    for i in range(len(s)):
        if s[i] in vowels:
            count += 1
        elif s[i] == 'y' and i == len(s) - 1:  # Check if 'y' is at the end
            count += 1
            
    return count
```"
65,"```python
def circular_shift(x, shift):
    s = str(x)
    n = len(s)
    shift = shift % n
    if shift == 0:
        return s
    return s[-shift:] + s[:-shift]
```"
66,"```python
def digitSum(s):
    return sum(ord(char) for char in s if char.isupper())
```"
67,"```python
def fruit_distribution(s, n):
    parts = s.split()
    apples = int(parts[0])
    oranges = int(parts[3])
    mangoes = n - apples - oranges
    return mangoes
```"
68,"```python
def pluck(arr):
    smallest_even = float('inf')
    smallest_index = -1
    
    for index, value in enumerate(arr):
        if value % 2 == 0 and value < smallest_even:
            smallest_even = value
            smallest_index = index
            
    return [smallest_even, smallest_index] if smallest_index != -1 else []
```"
69,"```python
def search(lst):
    from collections import Counter
    
    freq = Counter(lst)
    result = -1
    
    for num in freq:
        if num > 0 and freq[num] >= num:
            result = max(result, num)
    
    return result
```"
70,"```python
def strange_sort_list(lst):
    if not lst:
        return []
    
    sorted_lst = sorted(lst)
    result = []
    
    while sorted_lst:
        result.append(sorted_lst.pop(0))  # Append the minimum
        if sorted_lst:
            result.append(sorted_lst.pop(-1))  # Append the maximum
    
    return result
```"
71,"```python
import math

def triangle_area(a, b, c):
    if a + b > c and a + c > b and b + c > a:
        s = (a + b + c) / 2
        area = math.sqrt(s * (s - a) * (s - b) * (s - c))
        return round(area, 2)
    else:
        return -1
```"
72,"```python
def will_it_fly(q, w):
    return q == q[::-1] and sum(q) <= w
```"
73,"```python
def smallest_change(arr):
    changes = 0
    n = len(arr)
    for i in range(n // 2):
        if arr[i] != arr[n - 1 - i]:
            changes += 1
    return changes
```"
74,"```python
def total_match(lst1, lst2):
    total_chars_lst1 = sum(len(s) for s in lst1)
    total_chars_lst2 = sum(len(s) for s in lst2)
    
    if total_chars_lst1 < total_chars_lst2:
        return lst1
    else:
        return lst2
```"
75,"```python
def is_multiply_prime(a):
    def is_prime(n):
        if n <= 1:
            return False
        for i in range(2, int(n**0.5) + 1):
            if n % i == 0:
                return False
        return True

    primes = [i for i in range(2, 100) if is_prime(i)]
    for i in range(len(primes)):
        for j in range(i, len(primes)):
            for k in range(j, len(primes)):
                if primes[i] * primes[j] * primes[k] == a:
                    return True
    return False
```"
76,"```python
def is_simple_power(x, n):
    if n <= 1:
        return False
    power = 1
    while power < x:
        power *= n
    return power == x
```"
77,"```python
def iscube(a):
    return round(a ** (1/3)) ** 3 == a
```"
78,"```python
def hex_key(num):
    prime_hex_digits = {'2', '3', '5', '7', 'B', 'D'}
    count = sum(1 for digit in num if digit in prime_hex_digits)
    return count
```"
79,"```python
def decimal_to_binary(decimal):
    binary = bin(decimal)[2:]  # Convert decimal to binary and remove the '0b' prefix
    return f""db{binary}db""  # Add 'db' at the beginning and end
```"
80,"```python
def is_happy(s):
    if len(s) < 3:
        return False
    for i in range(len(s) - 2):
        if s[i] == s[i + 1] or s[i] == s[i + 2] or s[i + 1] == s[i + 2]:
            return False
    return True
```"
81,"```python
def numerical_letter_grade(grades):
    letter_grades = []
    for gpa in grades:
        if gpa == 4.0:
            letter_grades.append('A+')
        elif gpa > 3.7:
            letter_grades.append('A')
        elif gpa > 3.3:
            letter_grades.append('A-')
        elif gpa > 3.0:
            letter_grades.append('B+')
        elif gpa > 2.7:
            letter_grades.append('B')
        elif gpa > 2.3:
            letter_grades.append('B-')
        elif gpa > 2.0:
            letter_grades.append('C+')
        elif gpa > 1.7:
            letter_grades.append('C')
        elif gpa > 1.3:
            letter_grades.append('C-')
        elif gpa > 1.0:
            letter_grades.append('D+')
        elif gpa > 0.7:
            letter_grades.append('D')
        elif gpa > 0.0:
            letter_grades.append('D-')
        else:
            letter_grades.append('E')
    return letter_grades
```"
82,"```python
def is_prime(n):
    if n <= 1:
        return False
    for i in range(2, int(n**0.5) + 1):
        if n % i == 0:
            return False
    return True

def prime_length(string):
    return is_prime(len(string))
```"
83,"```python
def starts_one_ends(n):
    if n == 1:
        return 1  # Only the number 1
    count_start = 10**(n-1)  # Numbers starting with 1
    count_end = 10**(n-1)    # Numbers ending with 1
    count_both = 10**(n-2)    # Numbers starting and ending with 1
    return count_start + count_end - count_both
```"
84,"```python
def solve(N):
    digit_sum = sum(int(digit) for digit in str(N))
    return bin(digit_sum)[2:]
```"
85,"```python
def add(lst):
    return sum(lst[i] for i in range(1, len(lst), 2) if lst[i] % 2 == 0)
```"
86,"```python
def anti_shuffle(s):
    words = s.split(' ')
    ordered_words = [''.join(sorted(word)) for word in words]
    return ' '.join(ordered_words)
```"
87,"```python
def get_row(lst, x):
    result = []
    for row_index, row in enumerate(lst):
        for col_index, value in enumerate(row):
            if value == x:
                result.append((row_index, col_index))
    result.sort(key=lambda tup: (tup[0], -tup[1]))
    return result
```"
88,"```python
def sort_array(array):
    if not array:
        return []
    
    first = array[0]
    last = array[-1]
    sorted_array = array.copy()
    
    if (first + last) % 2 == 0:
        return sorted(sorted_array, reverse=True)
    else:
        return sorted(sorted_array)
```"
89,"```python
def encrypt(s):
    encrypted = ''
    for char in s:
        if char.isalpha():
            # Shift character by 8 positions (2 * 2 * 2)
            new_char = chr((ord(char) - ord('a') + 8) % 26 + ord('a')) if char.islower() else chr((ord(char) - ord('A') + 8) % 26 + ord('A'))
            encrypted += new_char
    return encrypted
```"
90,"```python
def next_smallest(lst):
    unique_lst = list(set(lst))
    if len(unique_lst) < 2:
        return None
    unique_lst.sort()
    return unique_lst[1]
```"
91,"```python
def is_bored(S):
    sentences = S.split('.')
    sentences += S.split('?')
    sentences += S.split('!')
    count = 0
    for sentence in sentences:
        if sentence.strip().startswith(""I""):
            count += 1
    return count
```"
92,"```python
def any_int(x, y, z):
    if all(isinstance(i, int) for i in (x, y, z)):
        return x == y + z or y == x + z or z == x + y
    return False
```"
93,"```python
def encode(message):
    vowels = 'aeiouAEIOU'
    encoded_message = []

    for char in message:
        if char in vowels:
            # Get the position in the alphabet, add 2, and wrap around
            new_char = chr((ord(char.lower()) - ord('a') + 2) % 26 + ord('a'))
            encoded_message.append(new_char.upper() if char.isupper() else new_char)
        elif char.isalpha():
            encoded_message.append(char.swapcase())
        else:
            encoded_message.append(char)

    return ''.join(encoded_message)
```"
94,"```python
def is_prime(n):
    if n <= 1:
        return False
    for i in range(2, int(n**0.5) + 1):
        if n % i == 0:
            return False
    return True

def sum_of_digits(n):
    return sum(int(digit) for digit in str(n))

def skjkasdkd(lst):
    largest_prime = -1
    for num in lst:
        if is_prime(num) and num > largest_prime:
            largest_prime = num
    if largest_prime == -1:
        return 0  # or some indication that there are no primes
    return sum_of_digits(largest_prime)
```"
95,"```python
def check_dict_case(d):
    if not d:
        return False
    
    all_lower = all(isinstance(k, str) and k.islower() for k in d.keys())
    all_upper = all(isinstance(k, str) and k.isupper() for k in d.keys())
    
    return all_lower or all_upper
```"
96,"```python
def count_up_to(n):
    if n <= 2:
        return []
    
    primes = []
    for num in range(2, n):
        is_prime = True
        for i in range(2, int(num**0.5) + 1):
            if num % i == 0:
                is_prime = False
                break
        if is_prime:
            primes.append(num)
    
    return primes
```"
97,"```python
def multiply(a, b):
    return (abs(a) % 10) * (abs(b) % 10)
```"
98,"```python
def count_upper(s):
    count = 0
    for i in range(0, len(s), 2):
        if s[i] in 'AEIOU':
            count += 1
    return count
```"
99,"```python
def closest_integer(value):
    num = float(value)
    if num > 0:
        return int(num + 0.5)
    else:
        return int(num - 0.5)
```"
100,"```python
def make_a_pile(n):
    stones = []
    for i in range(n):
        if n % 2 == 0:
            stones.append(n + 2 * i)
        else:
            stones.append(n + 2 * i + 1)
    return stones
```"
101,"```python
def words_string(s):
    return [word.strip() for word in s.replace(',', ' ').split()]
```"
102,"```python
def choose_num(x, y):
    if x > y:
        return -1
    max_even = -1
    for num in range(y, x - 1, -1):
        if num % 2 == 0:
            max_even = num
            break
    return max_even
```"
103,"```python
def rounded_avg(n, m):
    if n > m:
        return -1
    avg = (n + m) / 2
    rounded = round(avg)
    return bin(rounded)
```"
104,"```python
def unique_digits(x):
    return sorted([num for num in x if all(int(digit) % 2 != 0 for digit in str(num))])
```"
105,"```python
def by_length(arr):
    if not arr:
        return []
    
    # Filter the array to include only integers between 1 and 9
    filtered = [x for x in arr if 1 <= x <= 9]
    
    # Sort and reverse the filtered array
    filtered.sort(reverse=True)
    
    # Mapping of numbers to their corresponding names
    number_names = [""Zero"", ""One"", ""Two"", ""Three"", ""Four"", ""Five"", ""Six"", ""Seven"", ""Eight"", ""Nine""]
    
    # Convert numbers to their names
    result = [number_names[x] for x in filtered]
    
    return result
```"
106,"```python
def f(n):
    result = []
    for i in range(1, n + 1):
        if i % 2 == 0:
            factorial = 1
            for j in range(1, i + 1):
                factorial *= j
            result.append(factorial)
        else:
            result.append(sum(range(1, i + 1)))
    return result
```"
107,"```python
def is_palindrome(num):
    return str(num) == str(num)[::-1]

def even_odd_palindrome(n):
    even_count = 0
    odd_count = 0
    
    for i in range(1, n + 1):
        if is_palindrome(i):
            if i % 2 == 0:
                even_count += 1
            else:
                odd_count += 1
                
    return (even_count, odd_count)
```"
108,"```python
def count_nums(arr):
    def sum_of_digits(n):
        return sum(int(digit) if n >= 0 else -int(digit) for digit in str(abs(n)))

    return sum(1 for num in arr if sum_of_digits(num) > 0)
```"
109,"```python
def move_one_ball(arr):
    if not arr:
        return True
    
    n = len(arr)
    count = 0
    
    for i in range(n):
        if arr[i] > arr[(i + 1) % n]:
            count += 1
            
    return count <= 1
```"
110,"```python
def exchange(lst1, lst2):
    odd_in_lst1 = any(num % 2 != 0 for num in lst1)
    even_in_lst2 = any(num % 2 == 0 for num in lst2)
    return ""NO"" if odd_in_lst1 and not even_in_lst2 else ""YES""
```"
111,"```python
def histogram(test):
    if not test:
        return {}
    
    letters = test.split()
    count_dict = {}
    
    for letter in letters:
        count_dict[letter] = count_dict.get(letter, 0) + 1
    
    max_count = max(count_dict.values())
    result = {letter: count for letter, count in count_dict.items() if count == max_count}
    
    return result
```"
112,"```python
def reverse_delete(s, c):
    result = ''.join(char for char in s if char not in c)
    is_palindrome = result == result[::-1]
    return (result, is_palindrome)
```"
113,"```python
def odd_count(lst):
    def count_odd_digits(s):
        return sum(1 for char in s if char in '13579')

    result = []
    for s in lst:
        odd_count = count_odd_digits(s)
        result.append(f""the number of odd elements {odd_count}n the str{odd_count}ng {odd_count} of the {odd_count}nput."")
    
    return result
```"
114,"```python
def minSubArraySum(nums):
    current_sum = float('inf')
    min_sum = float('inf')
    
    for num in nums:
        if current_sum > 0:
            current_sum = num
        else:
            current_sum += num
        min_sum = min(min_sum, current_sum)
    
    return min_sum
```"
115,"```python
def max_fill(grid, capacity):
    total_water = sum(sum(row) for row in grid)
    if total_water == 0:
        return 0
    return math.ceil(total_water / capacity)
```"
116,"```python
def sort_array(arr):
    return sorted(arr, key=lambda x: (bin(x).count('1'), x))
```"
117,"```python
def select_words(s, n):
    def count_consonants(word):
        consonants = ""bcdfghjklmnpqrstvwxyzBCDFGHJKLMNPQRSTVWXYZ""
        return sum(1 for char in word if char in consonants)

    if not s:
        return []

    words = s.split()
    result = [word for word in words if count_consonants(word) == n]
    
    return result
```"
118,"```python
def get_closest_vowel(word):
    vowels = ""aeiouAEIOU""
    last_vowel = """"
    
    for i in range(len(word) - 2, 0, -1):
        if word[i] in vowels:
            last_vowel = word[i]
        elif word[i].isalpha() and word[i].lower() not in vowels:
            if last_vowel:
                return last_vowel
    
    return """"
```"
119,"```python
def match_parens(lst):
    def is_good(s):
        balance = 0
        for char in s:
            balance += 1 if char == '(' else -1
            if balance < 0:
                return False
        return balance == 0

    s1, s2 = lst
    return 'Yes' if is_good(s1 + s2) or is_good(s2 + s1) else 'No'
```"
120,"```python
def maximum(arr, k):
    return sorted(sorted(arr)[-k:])
```"
121,"```python
def solution(lst):
    return sum(lst[i] for i in range(0, len(lst), 2) if lst[i] % 2 != 0)
```"
122,"```python
def add_elements(arr, k):
    return sum(x for x in arr[:k] if -10 < x < 100)
```"
123,"```python
def get_odd_collatz(n):
    collatz_sequence = []
    
    while n != 1:
        collatz_sequence.append(n)
        if n % 2 == 0:
            n = n // 2
        else:
            n = 3 * n + 1
            
    collatz_sequence.append(1)  # Include 1 in the sequence
    
    odd_numbers = [num for num in collatz_sequence if num % 2 != 0]
    return sorted(odd_numbers)
```"
124,"```python
def valid_date(date):
    if not date:
        return False
    
    parts = date.split('-')
    if len(parts) != 3:
        return False
    
    month, day, year = parts
    
    if not (month.isdigit() and day.isdigit() and year.isdigit()):
        return False
    
    month = int(month)
    day = int(day)
    year = int(year)
    
    if month < 1 or month > 12:
        return False
    
    if month in [1, 3, 5, 7, 8, 10, 12]:
        return 1 <= day <= 31
    elif month in [4, 6, 9, 11]:
        return 1 <= day <= 30
    elif month == 2:
        return 1 <= day <= 29
    
    return False
```"
125,"```python
def split_words(txt):
    if ' ' in txt:
        return txt.split()
    elif ',' in txt:
        return txt.split(',')
    else:
        return sum(1 for char in txt if char.islower() and (ord(char) - ord('a')) % 2 == 1)
```"
126,"```python
def is_sorted(lst):
    if len(lst) == 0:
        return True
    seen = set()
    for i in range(len(lst)):
        if i > 0 and lst[i] < lst[i - 1]:
            return False
        if lst[i] in seen:
            return False
        seen.add(lst[i])
    return True
```"
127,"```python
def is_prime(n):
    if n <= 1:
        return False
    for i in range(2, int(n**0.5) + 1):
        if n % i == 0:
            return False
    return True

def intersection(interval1, interval2):
    start1, end1 = interval1
    start2, end2 = interval2
    
    # Find the intersection
    start_intersection = max(start1, start2)
    end_intersection = min(end1, end2)
    
    # Calculate the length of the intersection
    length = max(0, end_intersection - start_intersection)
    
    # Check if the length is a prime number
    if length > 0 and is_prime(length):
        return ""YES""
    else:
        return ""NO""
```"
128,"```python
def prod_signs(arr):
    if not arr:
        return None

    product_sign = 1
    magnitude_sum = 0

    for num in arr:
        if num > 0:
            magnitude_sum += num
        elif num < 0:
            magnitude_sum += -num
            product_sign *= -1
        else:
            product_sign = 0

    return product_sign * magnitude_sum
```"
129,"```python
def minPath(grid, k):
    from collections import deque

    N = len(grid)
    directions = [(0, 1), (1, 0), (0, -1), (-1, 0)]
    min_path = None

    def bfs(start_row, start_col):
        nonlocal min_path
        queue = deque([(start_row, start_col, [grid[start_row][start_col]])])
        
        while queue:
            row, col, path = queue.popleft()
            
            if len(path) == k:
                if min_path is None or path < min_path:
                    min_path = path
                continue
            
            for dr, dc in directions:
                new_row, new_col = row + dr, col + dc
                
                if 0 <= new_row < N and 0 <= new_col < N:
                    queue.append((new_row, new_col, path + [grid[new_row][new_col]]))

    for i in range(N):
        for j in range(N):
            bfs(i, j)

    return min_path
```"
130,"```python
def tri(n):
    def tribonacci(n):
        if n == 1:
            return 3
        elif n % 2 == 0:
            return 1 + n / 2
        else:
            return tribonacci(n - 1) + tribonacci(n - 2) + tribonacci(n + 1)

    return [tribonacci(i) for i in range(n + 1)]
```"
131,"```python
def digits(n):
    product = 1
    has_odd = False
    
    for digit in str(n):
        if int(digit) % 2 != 0:
            product *= int(digit)
            has_odd = True
            
    return product if has_odd else 0
```"
132,"```python
def is_nested(string):
    stack = []
    nested = False
    
    for char in string:
        if char == '[':
            stack.append(char)
            if len(stack) > 1:
                nested = True
        elif char == ']':
            if stack:
                stack.pop()
            else:
                return False
    
    return nested and not stack
```"
133,"```python
import math

def sum_squares(lst):
    return sum(math.ceil(x) ** 2 for x in lst)
```"
134,"```python
def check_if_last_char_is_a_letter(txt):
    if not txt or txt[-1] == ' ':
        return False
    return txt.strip()[-1].isalpha() and ' ' not in txt.strip()[-2:]
```"
135,"```python
def can_arrange(arr):
    for i in range(len(arr) - 1, 0, -1):
        if arr[i] < arr[i - 1]:
            return i
    return -1
```"
136,"```python
def largest_smallest_integers(lst):
    largest_negative = None
    smallest_positive = None
    
    for num in lst:
        if num < 0:
            if largest_negative is None or num > largest_negative:
                largest_negative = num
        elif num > 0:
            if smallest_positive is None or num < smallest_positive:
                smallest_positive = num
    
    return (largest_negative, smallest_positive)
```"
137,"```python
def compare_one(a, b):
    def parse_value(val):
        if isinstance(val, str):
            return float(val.replace(',', '.'))
        return float(val)

    if a == b:
        return None
    
    a_parsed = parse_value(a)
    b_parsed = parse_value(b)

    return a if a_parsed > b_parsed else b
```"
138,"```python
def is_equal_to_sum_even(n):
    return n >= 8 and n % 2 == 0
```"
139,"```python
def special_factorial(n):
    result = 1
    for i in range(1, n + 1):
        factorial = 1
        for j in range(1, i + 1):
            factorial *= j
        result *= factorial
    return result
```"
140,"```python
def fix_spaces(text):
    text = text.replace("" "", ""_"")
    while ""___"" in text:
        text = text.replace(""___"", ""-"")
    return text
```"
141,"```python
def file_name_check(file_name):
    if file_name.count('.') != 1:
        return 'No'
    
    name, ext = file_name.split('.')
    
    if len(name) == 0 or not name[0].isalpha():
        return 'No'
    
    digit_count = sum(c.isdigit() for c in name)
    if digit_count > 3:
        return 'No'
    
    if ext not in ['txt', 'exe', 'dll']:
        return 'No'
    
    return 'Yes'
```"
142,"```python
def sum_squares(lst):
    total = 0
    for index, value in enumerate(lst):
        if index % 3 == 0:
            total += value ** 2
        elif index % 4 == 0:
            total += value ** 3
        else:
            total += value
    return total
```"
143,"```python
def is_prime(n):
    if n <= 1:
        return False
    for i in range(2, int(n**0.5) + 1):
        if n % i == 0:
            return False
    return True

def words_in_sentence(sentence):
    words = sentence.split()
    prime_length_words = [word for word in words if is_prime(len(word))]
    return ' '.join(prime_length_words)
```"
144,"```python
def simplify(x, n):
    x_numerator, x_denominator = map(int, x.split('/'))
    n_numerator, n_denominator = map(int, n.split('/'))
    
    result_numerator = x_numerator * n_numerator
    result_denominator = x_denominator * n_denominator
    
    return result_numerator % result_denominator == 0
```"
145,"```python
def order_by_points(nums):
    def digit_sum(n):
        return sum(int(digit) for digit in str(abs(n)))
    
    return sorted(nums, key=lambda x: (digit_sum(x), nums.index(x)))
```"
146,"```python
def specialFilter(nums):
    def is_first_and_last_odd(num):
        str_num = str(abs(num))
        return int(str_num[0]) % 2 != 0 and int(str_num[-1]) % 2 != 0

    count = 0
    for num in nums:
        if num > 10 and is_first_and_last_odd(num):
            count += 1
    return count
```"
147,"```python
def get_max_triples(n):
    a = [i * i - i + 1 for i in range(1, n + 1)]
    count = 0

    for i in range(n):
        for j in range(i + 1, n):
            for k in range(j + 1, n):
                if (a[i] + a[j] + a[k]) % 3 == 0:
                    count += 1

    return count
```"
148,"```python
def bf(planet1, planet2):
    planets = [""Mercury"", ""Venus"", ""Earth"", ""Mars"", ""Jupiter"", ""Saturn"", ""Uranus"", ""Neptune""]
    
    if planet1 not in planets or planet2 not in planets:
        return ()
    
    index1 = planets.index(planet1)
    index2 = planets.index(planet2)
    
    if index1 > index2:
        index1, index2 = index2, index1
    
    return tuple(planets[index1 + 1:index2])
```"
149,"```python
def sorted_list_sum(lst):
    filtered_lst = [s for s in lst if len(s) % 2 == 0]
    return sorted(filtered_lst, key=lambda x: (len(x), x))
```"
150,"```python
def x_or_y(n, x, y):
    def is_prime(num):
        if num <= 1:
            return False
        for i in range(2, int(num**0.5) + 1):
            if num % i == 0:
                return False
        return True

    return x if is_prime(n) else y
```"
151,"```python
def double_the_difference(lst):
    return sum(x**2 for x in lst if isinstance(x, int) and x > 0 and x % 2 != 0)
```"
152,"```python
def compare(game, guess):
    return [abs(g - s) for g, s in zip(guess, game)]
```"
153,"```python
def Strongest_Extension(class_name, extensions):
    strongest_extension = None
    max_strength = float('-inf')

    for extension in extensions:
        CAP = sum(1 for char in extension if char.isupper())
        SM = sum(1 for char in extension if char.islower())
        strength = CAP - SM

        if strength > max_strength:
            max_strength = strength
            strongest_extension = extension

    return f""{class_name}.{strongest_extension}""
```"
154,"```python
def cycpattern_check(a, b):
    if len(b) > len(a):
        return False
    return b in a + a
```"
155,"```python
def even_odd_count(num):
    num = abs(num)  # Convert to positive to handle negative numbers
    even_count = 0
    odd_count = 0
    
    for digit in str(num):
        if int(digit) % 2 == 0:
            even_count += 1
        else:
            odd_count += 1
            
    return (even_count, odd_count)
```"
156,"```python
def int_to_mini_roman(number):
    if not (1 <= number <= 1000):
        return None

    roman_numerals = [
        (1000, 'm'), (900, 'cm'), (500, 'd'), (400, 'cd'),
        (100, 'c'), (90, 'xc'), (50, 'l'), (40, 'xl'),
        (10, 'x'), (9, 'ix'), (5, 'v'), (4, 'iv'), (1, 'i')
    ]
    
    result = []
    for value, numeral in roman_numerals:
        while number >= value:
            result.append(numeral)
            number -= value
    
    return ''.join(result)
```"
157,"```python
def right_angle_triangle(a, b, c):
    sides = sorted([a, b, c])
    return sides[0]**2 + sides[1]**2 == sides[2]**2
```"
158,"```python
def find_max(words):
    max_word = """"
    max_unique_count = 0

    for word in words:
        unique_chars = len(set(word))
        if (unique_chars > max_unique_count) or (unique_chars == max_unique_count and word < max_word):
            max_unique_count = unique_chars
            max_word = word

    return max_word
```"
159,"```python
def eat(number, need, remaining):
    if remaining >= need:
        total_eaten = number + need
        remaining_after = remaining - need
    else:
        total_eaten = number + remaining
        remaining_after = 0
        
    return [total_eaten, remaining_after]
```"
160,"```python
def do_algebra(operator, operand):
    expression = str(operand[0])
    
    for op, num in zip(operator, operand[1:]):
        expression += f"" {op} {num}""
    
    return eval(expression)
```"
161,"```python
def solve(s):
    if any(c.isalpha() for c in s):
        return ''.join(c.swapcase() if c.isalpha() else c for c in s)
    else:
        return s[::-1]
```"
162,"```python
import hashlib

def string_to_md5(text):
    if text == """":
        return None
    return hashlib.md5(text.encode()).hexdigest()
```"
